unix,date,symbol,open,high,low,close,Volume BTC,Volume USD
1612764960,02/09/2021 06:16,BTC/USD,39038.05,39044.07,39038.05,39044.07,0.4523952,17663.34986
1612764900,02/09/2021 06:15,BTC/USD,39020.77,39067.18,39007.17,39031.26,6.00282625,234297.8721
1612764840,02/09/2021 06:14,BTC/USD,38985,39021.45,38985,39021.45,7.92961318,309425.0042
1612764780,02/09/2021 06:13,BTC/USD,38960,38974.68,38952.81,38973.01,8.48275717,330598.58
1612764720,02/09/2021 06:12,BTC/USD,38913.56,38960,38902.95,38960,7.66920025,298792.0417
1612764660,02/09/2021 06:11,BTC/USD,38890,38924.75,38890,38924.75,0.60442059,23526.92036
1612764600,02/09/2021 06:10,BTC/USD,38830.61,38864.15,38830.61,38864.15,1.15088433,44728.14123
1612764540,02/09/2021 06:09,BTC/USD,38836,38836,38835.08,38835.08,6.72546686,261184.0435
1612764480,02/09/2021 06:08,BTC/USD,38810.23,38839.9,38799.6,38839.9,6.80085493,264144.5254
1612764420,02/09/2021 06:07,BTC/USD,38769.73,38832.5,38769.73,38832.5,1.877199,72896.33017
1612764360,02/09/2021 06:06,BTC/USD,38720.71,38769.71,38720.71,38759.89,5.61544927,217654.196
1612764300,02/09/2021 06:05,BTC/USD,38767.07,38783.09,38730.62,38733.56,0.88944969,34451.55293
1612764240,02/09/2021 06:04,BTC/USD,38797.64,38800,38797.64,38800,0.1090004,4229.21552
1612764180,02/09/2021 06:03,BTC/USD,38745.77,38745.77,38745.77,38745.77,0.00765,296.4051405
1612764120,02/09/2021 06:02,BTC/USD,38696.63,38709.88,38696.63,38709.88,0.36582913,14161.20172
1612764060,02/09/2021 06:01,BTC/USD,38650.59,38650.59,38650.59,38650.59,0.16523754,6386.528411
1612764000,02/09/2021 06:00,BTC/USD,38717.1,38717.1,38717.1,38717.1,0.21724219,8410.987594
1612763940,02/09/2021 05:59,BTC/USD,38701.36,38736.13,38701.36,38701.67,8.30862158,321557.5305
1612763880,02/09/2021 05:58,BTC/USD,38702.66,38702.66,38661.84,38661.84,4.83826002,187056.0348
1612763820,02/09/2021 05:57,BTC/USD,38715.33,38725.06,38701.61,38701.61,0.74638693,28886.37587
1612763760,02/09/2021 05:56,BTC/USD,38713.84,38713.84,38713.84,38713.84,0.011148,431.5818883
1612763700,02/09/2021 05:55,BTC/USD,38683.38,38716.17,38683.38,38711.94,0.91770603,35526.18077
1612763640,02/09/2021 05:54,BTC/USD,38700,38700,38677.53,38677.53,0.9266056,35838.81589
1612763580,02/09/2021 05:53,BTC/USD,38729.03,38754.58,38729.01,38729.01,0.50886333,19707.773
1612763520,02/09/2021 05:52,BTC/USD,38731.68,38768.18,38728.63,38728.63,0.8445254,32707.31174
1612763460,02/09/2021 05:51,BTC/USD,38783.14,38783.14,38726.49,38726.49,5.62287418,217754.1807
1612763400,02/09/2021 05:50,BTC/USD,38792.78,38816.39,38773.34,38773.34,0.2354353,9128.612935
1612763340,02/09/2021 05:49,BTC/USD,38760.93,38797.43,38760.93,38797.43,0.34611035,13428.19208
1612763280,02/09/2021 05:48,BTC/USD,38831.07,38831.07,38755.96,38755.96,0.75060694,29090.49254
1612763220,02/09/2021 05:47,BTC/USD,38838.49,38850.69,38821.48,38821.48,1.4470792,56177.75622
1612763160,02/09/2021 05:46,BTC/USD,38876.83,38884.64,38846.36,38861.96,1.9810724,76988.35637
1612763100,02/09/2021 05:45,BTC/USD,38857.65,38881.64,38851.88,38881.64,1.26533421,49198.26923
1612763040,02/09/2021 05:44,BTC/USD,38879.61,38890,38857.65,38857.65,1.47744956,57410.2179
1612762980,02/09/2021 05:43,BTC/USD,38871.24,38890,38856.27,38880.6,8.8377366,343616.5016
1612762920,02/09/2021 05:42,BTC/USD,38814,38881.31,38804.3,38859.41,7.35086802,285650.3942
1612762860,02/09/2021 05:41,BTC/USD,38782.75,38806,38768.81,38806,1.59766971,61999.17077
1612762800,02/09/2021 05:40,BTC/USD,38734.04,38798,38734.04,38798,0.13381601,5191.793556
1612762740,02/09/2021 05:39,BTC/USD,38707.75,38723.94,38690.63,38723.94,0.29086688,11263.51161
1612762680,02/09/2021 05:38,BTC/USD,38735.66,38735.66,38726.8,38734.23,0.392899,15218.64023
1612762620,02/09/2021 05:37,BTC/USD,38717.66,38749.3,38717.66,38729.71,0.49998582,19364.30581
1612762560,02/09/2021 05:36,BTC/USD,38713.54,38735.8,38691.48,38735.8,3.05526173,118348.0073
1612762500,02/09/2021 05:35,BTC/USD,38675.93,38762.84,38675.93,38741.57,0.64442238,24965.93474
1612762440,02/09/2021 05:34,BTC/USD,38666.89,38688.12,38665.08,38675.93,1.26814907,49046.84466
1612762380,02/09/2021 05:33,BTC/USD,38701.09,38718.16,38667.25,38667.25,0.5968,23076.6148
1612762320,02/09/2021 05:32,BTC/USD,38683.81,38703.28,38681.88,38703.28,0.28111773,10880.17822
1612762260,02/09/2021 05:31,BTC/USD,38684.39,38697.55,38684.08,38694.25,0.70261752,27187.25797
1612762200,02/09/2021 05:30,BTC/USD,38684.17,38712.35,38668.64,38668.64,0.30883937,11942.39842
1612762140,02/09/2021 05:29,BTC/USD,38688.61,38692,38688.61,38692,0.796,30798.832
1612762080,02/09/2021 05:28,BTC/USD,38684.04,38688.76,38657.18,38675.27,1.74446371,67467.60499
1612762020,02/09/2021 05:27,BTC/USD,38674.44,38709.71,38674.44,38682.64,1.33117467,51493.35054
1612761960,02/09/2021 05:26,BTC/USD,38684.23,38684.23,38684.23,38684.23,0.435,16827.64005
1612761900,02/09/2021 05:25,BTC/USD,38741.67,38797.46,38721.94,38721.94,15.3977049,596229.0053
1612761840,02/09/2021 05:24,BTC/USD,38668.96,38731.07,38668.96,38731.07,1.09729002,42499.21657
1612761780,02/09/2021 05:23,BTC/USD,38648.05,38656.94,38631.84,38656.94,0.61891697,23925.43617
1612761720,02/09/2021 05:22,BTC/USD,38632.01,38669.66,38631.96,38669.66,0.4896317,18933.89136
1612761660,02/09/2021 05:21,BTC/USD,38639.92,38640.84,38604.7,38640.84,5.34164701,206405.7274
1612761600,02/09/2021 05:20,BTC/USD,38611.95,38611.95,38611.95,38611.95,0.26,10039.107
1612761540,02/09/2021 05:19,BTC/USD,38613.64,38616.82,38613.64,38616.82,0.193,7453.04626
1612761480,02/09/2021 05:18,BTC/USD,38612.59,38614.02,38612.03,38612.59,0.93894106,36254.94618
1612761420,02/09/2021 05:17,BTC/USD,38608.22,38612.16,38600.75,38600.75,0.41315,15947.89986
1612761360,02/09/2021 05:16,BTC/USD,38599.61,38631.45,38599.61,38631.45,1.31069,50633.8552
1612761300,02/09/2021 05:15,BTC/USD,38622.41,38625.52,38578.49,38578.49,1.98360716,76524.56899
1612761240,02/09/2021 05:14,BTC/USD,38612.31,38665.06,38612.31,38644.08,0.36,13911.8688
1612761180,02/09/2021 05:13,BTC/USD,38641.46,38646.87,38623.96,38623.96,0.70760859,27330.64588
1612761120,02/09/2021 05:12,BTC/USD,38633.75,38641.99,38633.75,38641.99,0.534,20634.82266
1612761060,02/09/2021 05:11,BTC/USD,38643.12,38681.01,38643.12,38681.01,0.205,7929.60705
1612761000,02/09/2021 05:10,BTC/USD,38704.33,38705.29,38704.33,38705.29,0.32057241,12407.8481
1612760940,02/09/2021 05:09,BTC/USD,38579.85,38684.31,38579.85,38684.31,0.80410578,31106.27727
1612760880,02/09/2021 05:08,BTC/USD,38568.82,38568.82,38568.82,38568.82,0.26,10027.8932
1612760820,02/09/2021 05:07,BTC/USD,38607.65,38609.81,38606.33,38609.81,0.59600678,23011.70853
1612760760,02/09/2021 05:06,BTC/USD,38689.3,38689.3,38630.82,38634.05,5.38255621,207949.9457
1612760700,02/09/2021 05:05,BTC/USD,38673.88,38734.78,38673.88,38700.4,2.60574763,100843.4756
1612760640,02/09/2021 05:04,BTC/USD,38539.24,38654.45,38537.68,38654.45,1.36713333,52845.78695
1612760580,02/09/2021 05:03,BTC/USD,38537.72,38540.47,38498.48,38498.48,0.70509592,27145.12117
1612760520,02/09/2021 05:02,BTC/USD,38619.8,38619.81,38569.57,38582.98,1.17,45142.0866
1612760460,02/09/2021 05:01,BTC/USD,38727.82,38727.83,38655.87,38655.87,3.04854898,117844.3131
1612760400,02/09/2021 05:00,BTC/USD,38632.88,38740.88,38632.88,38740.88,7.47483258,289581.592
1612760340,02/09/2021 04:59,BTC/USD,38597.84,38631.48,38597.84,38617.27,0.98379089,37991.31842
1612760280,02/09/2021 04:58,BTC/USD,38600.03,38600.43,38599.39,38600.1,0.24935409,9625.092809
1612760220,02/09/2021 04:57,BTC/USD,38604.84,38636.4,38596.82,38636.4,0.51957964,20074.6868
1612760160,02/09/2021 04:56,BTC/USD,38603.44,38604.84,38576.44,38604.84,0.96157185,37121.32742
1612760100,02/09/2021 04:55,BTC/USD,38608.26,38642.49,38608.25,38608.25,8.05441459,310966.8521
1612760040,02/09/2021 04:54,BTC/USD,38589.24,38648.75,38589.24,38648.75,0.63372816,24492.80122
1612759980,02/09/2021 04:53,BTC/USD,38596.48,38597.87,38596.48,38597.87,0.26621272,10275.24396
1612759920,02/09/2021 04:52,BTC/USD,38610.57,38610.57,38598.03,38603.37,1.269,48987.67653
1612759860,02/09/2021 04:51,BTC/USD,38640.4,38640.4,38596.49,38614.22,2.78660677,107602.6469
1612759800,02/09/2021 04:50,BTC/USD,38661.11,38681.06,38654.72,38664.16,0.78672123,30417.91551
1612759740,02/09/2021 04:49,BTC/USD,38610,38649.05,38609.99,38649.05,3.29707282,127428.7323
1612759680,02/09/2021 04:48,BTC/USD,38589.11,38610,38589.11,38598.6,2.86692946,110659.4635
1612759620,02/09/2021 04:47,BTC/USD,38592.24,38613.19,38564.01,38564.01,3.97551702,153311.8781
1612759560,02/09/2021 04:46,BTC/USD,38657.27,38657.27,38600.29,38600.29,0.17362299,6701.897765
1612759500,02/09/2021 04:45,BTC/USD,38651.29,38684.76,38651.29,38684.76,0.732,28317.24432
1612759440,02/09/2021 04:44,BTC/USD,38638.84,38658.83,38638.84,38658.83,0.20845677,8058.694834
1612759380,02/09/2021 04:43,BTC/USD,38608.47,38608.47,38608.47,38608.47,0.02,772.1694
1612759320,02/09/2021 04:42,BTC/USD,38603.99,38603.99,38603.99,38603.99,0.01292,498.7635508
1612759260,02/09/2021 04:41,BTC/USD,38632.85,38637.56,38620.89,38620.89,2.54309841,98216.72395
1612759200,02/09/2021 04:40,BTC/USD,38627.07,38652.13,38626.79,38634.25,2.5074181,96872.21773
1612759140,02/09/2021 04:39,BTC/USD,38654.81,38668.18,38633.92,38633.92,0.88406045,34154.7207
1612759080,02/09/2021 04:38,BTC/USD,38661.33,38687.05,38655.73,38655.73,0.30496098,11788.4893
1612759020,02/09/2021 04:37,BTC/USD,38665.29,38665.29,38661.54,38661.54,0.55505,21459.08778
1612758960,02/09/2021 04:36,BTC/USD,38664.86,38675.53,38619.46,38675.53,1.47347879,56987.57315
1612758900,02/09/2021 04:35,BTC/USD,38667.7,38695.24,38658.37,38668.35,5.26640786,203643.3024
1612758840,02/09/2021 04:34,BTC/USD,38630.55,38669.36,38627.83,38669.36,1.83549219,70977.30827
1612758780,02/09/2021 04:33,BTC/USD,38574.74,38670.1,38574.74,38656.09,11.33632042,438217.8224
1612758720,02/09/2021 04:32,BTC/USD,38607.66,38607.66,38552.92,38580.62,2.16880821,83673.9654
1612758660,02/09/2021 04:31,BTC/USD,38624.08,38629.5,38617.8,38617.8,3.2812185,126713.4398
1612758600,02/09/2021 04:30,BTC/USD,38642.97,38670.81,38622.86,38624.36,3.97852499,153667.9815
1612758540,02/09/2021 04:29,BTC/USD,38648.85,38670.52,38642.85,38642.85,3.35683246,129717.5732
1612758480,02/09/2021 04:28,BTC/USD,38603.36,38648.86,38603.36,38641.15,7.86695268,303988.0986
1612758420,02/09/2021 04:27,BTC/USD,38618.31,38618.31,38603.04,38603.04,0.46599237,17988.7221
1612758360,02/09/2021 04:26,BTC/USD,38581.21,38623.21,38581.2,38619.16,1.19487555,46145.09005
1612758300,02/09/2021 04:25,BTC/USD,38603.34,38604.35,38572.13,38572.13,1.6633133,64157.53684
1612758240,02/09/2021 04:24,BTC/USD,38577.62,38615.26,38577.62,38606.27,1.63875074,63266.05353
1612758180,02/09/2021 04:23,BTC/USD,38589.16,38609.3,38589.16,38604.32,2.02301645,78097.1744
1612758120,02/09/2021 04:22,BTC/USD,38591.18,38622.05,38570.56,38570.56,3.42369558,132053.8558
1612758060,02/09/2021 04:21,BTC/USD,38549.51,38576.23,38549.51,38573.59,4.14944143,160058.8524
1612758000,02/09/2021 04:20,BTC/USD,38532.94,38560.29,38511.17,38537.39,6.7102866,258596.9317
1612757940,02/09/2021 04:19,BTC/USD,38521.8,38543.98,38518.56,38541.26,1.396185,53810.72909
1612757880,02/09/2021 04:18,BTC/USD,38559.21,38571.73,38509.62,38531.67,2.27307677,87585.44399
1612757820,02/09/2021 04:17,BTC/USD,38601,38602.54,38579.5,38579.5,6.47043007,249625.9569
1612757760,02/09/2021 04:16,BTC/USD,38509.65,38584.55,38509.65,38576.61,7.50899308,289671.4975
1612757700,02/09/2021 04:15,BTC/USD,38441.99,38510.06,38441.99,38510.06,2.88885695,111250.0545
1612757640,02/09/2021 04:14,BTC/USD,38442.77,38457.41,38406.68,38434.44,4.99633273,192031.2505
1612757580,02/09/2021 04:13,BTC/USD,38427.23,38432.27,38423.47,38432.27,0.90903379,34936.23206
1612757520,02/09/2021 04:12,BTC/USD,38417.04,38438.89,38415.09,38438.89,2.40377612,92398.48586
1612757460,02/09/2021 04:11,BTC/USD,38374.6,38415.37,38373.14,38415.37,3.96310084,152243.9851
1612757400,02/09/2021 04:10,BTC/USD,38426.31,38427.35,38356.53,38384.11,3.33233908,127908.8698
1612757340,02/09/2021 04:09,BTC/USD,38343.6,38412.11,38343.6,38412.11,5.5952318,214924.6594
1612757280,02/09/2021 04:08,BTC/USD,38338.27,38351.68,38330.59,38341.52,3.26009416,124996.9654
1612757220,02/09/2021 04:07,BTC/USD,38312.2,38330.12,38310.07,38330.12,2.807069,107595.2916
1612757160,02/09/2021 04:06,BTC/USD,38278.36,38328.43,38278.36,38328.43,3.70161011,141876.904
1612757100,02/09/2021 04:05,BTC/USD,38272.81,38276.08,38265.17,38273.31,5.39191492,206366.4312
1612757040,02/09/2021 04:04,BTC/USD,38289.29,38294.11,38271.91,38275.84,3.32002603,127076.7851
1612756980,02/09/2021 04:03,BTC/USD,38215.36,38299.08,38212.56,38299.08,4.8472848,185646.5483
1612756920,02/09/2021 04:02,BTC/USD,38185.46,38215.04,38185.46,38215.04,1.0060096,38444.6971
1612756860,02/09/2021 04:01,BTC/USD,38129.74,38191.69,38129.74,38174.86,2.90500248,110898.063
1612756800,02/09/2021 04:00,BTC/USD,38097.75,38123.75,38050.97,38122.28,5.19299297,197968.732
1612756740,02/09/2021 03:59,BTC/USD,38130.11,38130.35,38080.69,38111.5,6.07088618,231370.5786
1612756680,02/09/2021 03:58,BTC/USD,38103.64,38106.62,38070,38104.7,2.51673701,95899.50874
1612756620,02/09/2021 03:57,BTC/USD,38105.93,38113.4,38102.88,38102.89,0.70023132,26680.83696
1612756560,02/09/2021 03:56,BTC/USD,38114.05,38124.03,38081,38122.73,5.21253337,198716.0023
1612756500,02/09/2021 03:55,BTC/USD,38181.17,38199.93,38096.63,38096.63,7.49995688,285723.0823
1612756440,02/09/2021 03:54,BTC/USD,38145.62,38164.71,38145.62,38164.71,1.59685029,60943.32823
1612756380,02/09/2021 03:53,BTC/USD,38155,38164.13,38100,38141.59,12.79420791,487991.4325
1612756320,02/09/2021 03:52,BTC/USD,38192.86,38192.86,38155.03,38159.12,2.5064639,95644.45674
1612756260,02/09/2021 03:51,BTC/USD,38268,38270.45,38188.12,38188.12,3.95002649,150844.0856
1612756200,02/09/2021 03:50,BTC/USD,38332.16,38332.16,38260.24,38260.56,4.77515308,182700.0309
1612756140,02/09/2021 03:49,BTC/USD,38389.05,38389.05,38356.07,38356.11,2.28814,87764.14954
1612756080,02/09/2021 03:48,BTC/USD,38342.02,38378.35,38333.31,38378.35,2.9940996,114908.6024
1612756020,02/09/2021 03:47,BTC/USD,38363.23,38398.86,38361.12,38361.12,2.72028577,104353.2089
1612755960,02/09/2021 03:46,BTC/USD,38386.44,38386.56,38325.18,38370.3,5.16286192,198100.5607
1612755900,02/09/2021 03:45,BTC/USD,38465.52,38480.14,38392.83,38394.3,5.4124575,207807.517
1612755840,02/09/2021 03:44,BTC/USD,38444.25,38471.2,38444.25,38465.1,1.62331674,62441.04074
1612755780,02/09/2021 03:43,BTC/USD,38472.65,38472.65,38427.11,38444.21,1.87423339,72053.42203
1612755720,02/09/2021 03:42,BTC/USD,38504.15,38513.39,38502.98,38504.45,0.660617,25436.69425
1612755660,02/09/2021 03:41,BTC/USD,38396.1,38470.17,38396.1,38470.17,4.37742064,168400.1162
1612755600,02/09/2021 03:40,BTC/USD,38434.26,38434.26,38390.98,38390.98,1.61605931,62042.10065
1612755540,02/09/2021 03:39,BTC/USD,38457.82,38457.82,38448.92,38448.92,0.377,14495.24284
1612755480,02/09/2021 03:38,BTC/USD,38439.03,38468.08,38439.03,38468.08,0.77086076,29653.53338
1612755420,02/09/2021 03:37,BTC/USD,38473.61,38499.58,38444.27,38444.27,0.69171367,26592.42709
1612755360,02/09/2021 03:36,BTC/USD,38398.34,38501.51,38398.34,38489.51,2.94168451,113223.9954
1612755300,02/09/2021 03:35,BTC/USD,38372.27,38405.19,38372.27,38405.19,0.94258986,36200.34267
1612755240,02/09/2021 03:34,BTC/USD,38322.02,38371.02,38322.02,38350.06,0.81010128,31067.43269
1612755180,02/09/2021 03:33,BTC/USD,38321.48,38343.71,38306.75,38343.71,1.5810286,60622.50214
1612755120,02/09/2021 03:32,BTC/USD,38395.52,38395.52,38336.11,38346.56,1.529,58631.89024
1612755060,02/09/2021 03:31,BTC/USD,38391.4,38403.9,38389.44,38403.85,2.78946597,107126.2327
1612755000,02/09/2021 03:30,BTC/USD,38398.29,38400,38373.76,38373.76,0.7217583,27696.57978
1612754940,02/09/2021 03:29,BTC/USD,38332.87,38395.05,38332.87,38395.05,1.7227852,66146.42389
1612754880,02/09/2021 03:28,BTC/USD,38295.82,38301.79,38295.82,38301.79,0.78062903,29899.48917
1612754820,02/09/2021 03:27,BTC/USD,38323.71,38332.85,38279.61,38300.25,3.83248502,146785.1344
1612754760,02/09/2021 03:26,BTC/USD,38400.59,38400.59,38317.87,38317.87,3.21494458,123189.8285
1612754700,02/09/2021 03:25,BTC/USD,38333.68,38440.9,38333.68,38413.49,3.32374208,127676.5332
1612754640,02/09/2021 03:24,BTC/USD,38380.88,38380.88,38375.61,38375.61,0.08923331,3424.382704
1612754580,02/09/2021 03:23,BTC/USD,38368.52,38379.38,38368.52,38379.38,0.18867561,7241.252933
1612754520,02/09/2021 03:22,BTC/USD,38395.83,38404.67,38353.44,38363.08,1.09408555,41972.49148
1612754460,02/09/2021 03:21,BTC/USD,38473.8,38484.28,38424.46,38436.2,4.16500583,160086.9971
1612754400,02/09/2021 03:20,BTC/USD,38496.73,38523.92,38496.73,38497.5,1.55688207,59936.06749
1612754340,02/09/2021 03:19,BTC/USD,38425.47,38485.61,38425.47,38485.61,0.95333945,36689.85027
1612754280,02/09/2021 03:18,BTC/USD,38372.02,38372.02,38371.28,38371.28,0.12929216,4961.105673
1612754220,02/09/2021 03:17,BTC/USD,38338.4,38340.27,38338.4,38340.27,0.3983,15270.92954
1612754160,02/09/2021 03:16,BTC/USD,38337.65,38361.01,38337.64,38361.01,0.59633649,22876.07006
1612754100,02/09/2021 03:15,BTC/USD,38389.64,38389.64,38351.26,38351.55,0.34238427,13130.96745
1612754040,02/09/2021 03:14,BTC/USD,38380.03,38408.89,38380.03,38388.79,1.08599369,41689.98371
1612753980,02/09/2021 03:13,BTC/USD,38360.15,38373.13,38335.55,38348.41,0.24334266,9331.804096
1612753920,02/09/2021 03:12,BTC/USD,38364.36,38364.36,38364.36,38364.36,0.00066863,25.65156203
1612753860,02/09/2021 03:11,BTC/USD,38363.4,38363.4,38363.4,38363.4,0.46229597,17735.24522
1612753800,02/09/2021 03:10,BTC/USD,38336.25,38336.25,38336.25,38336.25,0.48919175,18753.77723
1612753740,02/09/2021 03:09,BTC/USD,38400,38400,38346.08,38346.08,3.22591353,123701.1383
1612753680,02/09/2021 03:08,BTC/USD,38374.7,38400,38374.7,38400,5.02688114,193032.2358
1612753620,02/09/2021 03:07,BTC/USD,38333.63,38349.86,38333.63,38349.86,0.1469035,5633.728659
1612753560,02/09/2021 03:06,BTC/USD,38396.19,38396.19,38336.6,38336.6,2.57056822,98546.84562
1612753500,02/09/2021 03:05,BTC/USD,38355.4,38367.68,38355.4,38367.68,1.09969767,42192.8483
1612753440,02/09/2021 03:04,BTC/USD,38314.53,38337.23,38314.53,38337.23,0.44169524,16933.37201
1612753380,02/09/2021 03:03,BTC/USD,38308.52,38342.84,38308.52,38342.84,0.92028021,35286.15685
1612753320,02/09/2021 03:02,BTC/USD,38265.98,38302.3,38262,38302.3,0.35601,13636.00182
1612753260,02/09/2021 03:01,BTC/USD,38232.79,38232.79,38188.12,38232.64,6.18997151,236658.9524
1612753200,02/09/2021 03:00,BTC/USD,38307.55,38307.55,38287.08,38287.08,0.31349242,12002.70936
1612753140,02/09/2021 02:59,BTC/USD,38312.32,38317.8,38299.85,38299.85,0.4142405,15865.34901
1612753080,02/09/2021 02:58,BTC/USD,38234.34,38274.43,38234.34,38265.37,5.11232,195624.8164
1612753020,02/09/2021 02:57,BTC/USD,38301.8,38313.05,38277.79,38300.05,1.27208782,48721.02711
1612752960,02/09/2021 02:56,BTC/USD,38300.76,38308.15,38294.83,38299.16,1.27554383,48852.25723
1612752900,02/09/2021 02:55,BTC/USD,38221.23,38253.85,38209.77,38253.85,5.33579265,204114.6117
1612752840,02/09/2021 02:54,BTC/USD,38248.15,38251.25,38221.23,38221.23,4.81439034,184011.9205
1612752780,02/09/2021 02:53,BTC/USD,38346.95,38346.95,38222.1,38222.1,14.63307074,559306.6931
1612752720,02/09/2021 02:52,BTC/USD,38327.13,38343.77,38306.97,38328.4,1.54138148,59078.68592
1612752660,02/09/2021 02:51,BTC/USD,38356.22,38368.71,38284.36,38289.96,9.3704726,358795.021
1612752600,02/09/2021 02:50,BTC/USD,38385.53,38399.61,38382.58,38399.61,0.45952726,17645.66757
1612752540,02/09/2021 02:49,BTC/USD,38430.77,38430.77,38393.88,38393.88,1.12800293,43308.40913
1612752480,02/09/2021 02:48,BTC/USD,38450,38454.98,38412.52,38416.59,4.37021791,167888.8697
1612752420,02/09/2021 02:47,BTC/USD,38432.52,38450,38428.18,38450,2.79802602,107584.1005
1612752360,02/09/2021 02:46,BTC/USD,38430.19,38467.79,38430.19,38467.79,1.25457346,48260.6684
1612752300,02/09/2021 02:45,BTC/USD,38450.45,38450.45,38425.99,38428.49,0.60096714,23094.25973
1612752240,02/09/2021 02:44,BTC/USD,38425.18,38463.7,38424.85,38463.7,0.63150161,24289.88848
1612752180,02/09/2021 02:43,BTC/USD,38444.2,38452.31,38444.2,38448.95,0.52446685,20165.19969
1612752120,02/09/2021 02:42,BTC/USD,38452.9,38469.7,38452.9,38469.7,0.37852662,14561.80551
1612752060,02/09/2021 02:41,BTC/USD,38420.78,38464.21,38407.47,38464.21,1.13569972,43683.79253
1612752000,02/09/2021 02:40,BTC/USD,38374.75,38438.7,38374.75,38419.1,0.45736953,17571.72571
1612751940,02/09/2021 02:39,BTC/USD,38356.58,38378.65,38356.58,38362.33,1.17375264,45027.88611
1612751880,02/09/2021 02:38,BTC/USD,38408.79,38408.79,38349.94,38349.94,0.15509724,5947.969848
1612751820,02/09/2021 02:37,BTC/USD,38397.79,38410.89,38334.06,38392.02,4.40910707,169274.5268
1612751760,02/09/2021 02:36,BTC/USD,38380.95,38395.76,38380.95,38395.76,1.332387,51158.01148
1612751700,02/09/2021 02:35,BTC/USD,38447.3,38447.3,38371.75,38425.61,11.29701404,434094.6557
1612751640,02/09/2021 02:34,BTC/USD,38484.91,38484.91,38484.91,38484.91,0,0
1612751580,02/09/2021 02:33,BTC/USD,38443.42,38484.91,38443.31,38484.91,1.1784693,45353.28495
1612751520,02/09/2021 02:32,BTC/USD,38476.96,38496.15,38451.3,38451.3,1.22774024,47208.20829
1612751460,02/09/2021 02:31,BTC/USD,38546.89,38547.12,38520.42,38520.42,0.77139706,29714.53874
1612751400,02/09/2021 02:30,BTC/USD,38590.64,38608.8,38590.64,38600.64,0.9342,36060.71789
1612751340,02/09/2021 02:29,BTC/USD,38592.94,38594.24,38592.94,38594.24,0.322,12427.34528
1612751280,02/09/2021 02:28,BTC/USD,38571.6,38571.6,38571.6,38571.6,0.2591,9993.90156
1612751220,02/09/2021 02:27,BTC/USD,38557.99,38571.69,38557.93,38565.56,1.27895029,49323.43415
1612751160,02/09/2021 02:26,BTC/USD,38523.91,38541.42,38523.91,38541.42,1.31210201,50570.27465
1612751100,02/09/2021 02:25,BTC/USD,38575.03,38603.24,38517.45,38517.45,0.47619455,18341.79977
1612751040,02/09/2021 02:24,BTC/USD,38545.82,38588.34,38538.31,38587.94,1.03593623,39974.64509
1612750980,02/09/2021 02:23,BTC/USD,38534.54,38537.12,38523.2,38537.12,0.59122042,22783.93227
1612750920,02/09/2021 02:22,BTC/USD,38508.41,38509.21,38500.52,38500.52,0.70459959,27127.45061
1612750860,02/09/2021 02:21,BTC/USD,38514.4,38553.98,38494,38502.33,4.28078773,164820.3018
1612750800,02/09/2021 02:20,BTC/USD,38479.51,38508.1,38479.51,38508.1,1.24999752,48135.0295
1612750740,02/09/2021 02:19,BTC/USD,38493.6,38500.52,38420.21,38500.52,5.17360759,199186.5825
1612750680,02/09/2021 02:18,BTC/USD,38543.23,38556.95,38502.04,38504.4,1.43253651,55158.9588
1612750620,02/09/2021 02:17,BTC/USD,38608.04,38611.19,38561.19,38561.19,2.25522609,86964.20175
1612750560,02/09/2021 02:16,BTC/USD,38695.24,38700.76,38623.84,38623.84,0.59427488,22953.17788
1612750500,02/09/2021 02:15,BTC/USD,38661.75,38690.46,38661.75,38690.46,1.1903,46053.25454
1612750440,02/09/2021 02:14,BTC/USD,38645.66,38649.06,38613.84,38649.06,1.035,40001.7771
1612750380,02/09/2021 02:13,BTC/USD,38687.36,38687.5,38665.04,38665.04,0.32265,12475.27516
1612750320,02/09/2021 02:12,BTC/USD,38667.11,38680.76,38654.22,38674.93,3.79786672,146882.2295
1612750260,02/09/2021 02:11,BTC/USD,38649.84,38681.44,38649.84,38664.24,3.30960872,127963.5059
1612750200,02/09/2021 02:10,BTC/USD,38680,38723.04,38655.04,38655.04,3.5015602,135352.9496
1612750140,02/09/2021 02:09,BTC/USD,38644.51,38671.58,38634.24,38671.58,2.23161299,86300.00027
1612750080,02/09/2021 02:08,BTC/USD,38646.9,38658.87,38634.6,38634.6,1.1227442,43376.77307
1612750020,02/09/2021 02:07,BTC/USD,38642.45,38642.45,38619.25,38619.25,1.16820685,45115.27239
1612749960,02/09/2021 02:06,BTC/USD,38645.21,38645.79,38626.97,38626.97,0.09091712,3511.852867
1612749900,02/09/2021 02:05,BTC/USD,38517.07,38611.4,38517.07,38607.54,2.96862445,114611.2872
1612749840,02/09/2021 02:04,BTC/USD,38471.57,38499.6,38471.57,38499.6,0.27874075,10731.40738
1612749780,02/09/2021 02:03,BTC/USD,38417.8,38486,38417.8,38486,7.5192476,289385.7631
1612749720,02/09/2021 02:02,BTC/USD,38587.13,38587.14,38420,38427.81,18.01898652,692430.1904
1612749660,02/09/2021 02:01,BTC/USD,38600,38600,38580.69,38580.69,2.67267437,103113.6213
1612749600,02/09/2021 02:00,BTC/USD,38597.9,38600,38592.69,38600,2.93716541,113374.5848
1612749540,02/09/2021 01:59,BTC/USD,38588.6,38604.4,38562.74,38595.74,2.10392763,81202.64379
1612749480,02/09/2021 01:58,BTC/USD,38618.27,38618.27,38602.95,38606.11,1.28861949,49748.58578
1612749420,02/09/2021 01:57,BTC/USD,38641.73,38641.73,38565,38577.07,2.22160883,85703.15935
1612749360,02/09/2021 01:56,BTC/USD,38664.56,38664.56,38637.5,38637.5,0.84882235,32796.37355
1612749300,02/09/2021 01:55,BTC/USD,38639.54,38644.59,38639.54,38641.73,1.314,50775.23322
1612749240,02/09/2021 01:54,BTC/USD,38644.37,38647.65,38644.37,38647.65,0.21534209,8322.465725
1612749180,02/09/2021 01:53,BTC/USD,38632.55,38646.88,38616.81,38646.88,1.37745659,53234.39954
1612749120,02/09/2021 01:52,BTC/USD,38607.82,38633.15,38607.82,38633.15,0.715,27622.70225
1612749060,02/09/2021 01:51,BTC/USD,38606.88,38607.9,38593.84,38606.62,1.56554313,60440.32871
1612749000,02/09/2021 01:50,BTC/USD,38566.31,38596.5,38566.31,38596.5,2.27343953,87746.80882
1612748940,02/09/2021 01:49,BTC/USD,38639.54,38643.9,38633.12,38643.9,0.44776173,17303.25952
1612748880,02/09/2021 01:48,BTC/USD,38648.1,38650,38635.05,38643.99,3.41449488,131949.706
1612748820,02/09/2021 01:47,BTC/USD,38650,38650,38624.34,38648.1,3.62230329,139995.1398
1612748760,02/09/2021 01:46,BTC/USD,38640,38641.53,38592.39,38592.39,0.10878618,4198.318685
1612748700,02/09/2021 01:45,BTC/USD,38599.52,38621.75,38590,38619.94,0.41324439,15959.47355
1612748640,02/09/2021 01:44,BTC/USD,38590.62,38615.95,38590.62,38603.61,0.68659991,26505.23515
1612748580,02/09/2021 01:43,BTC/USD,38610,38610,38596.48,38598.28,0.57455524,22176.84403
1612748520,02/09/2021 01:42,BTC/USD,38582.24,38632.08,38582.24,38632.08,0.81855669,31622.54753
1612748460,02/09/2021 01:41,BTC/USD,38605.57,38624.28,38576.8,38576.8,7.66885215,295839.7756
1612748400,02/09/2021 01:40,BTC/USD,38625.47,38625.47,38625.47,38625.47,0.00407335,157.3350582
1612748340,02/09/2021 01:39,BTC/USD,38595.12,38609.66,38595.12,38609.66,0.1959521,7565.643957
1612748280,02/09/2021 01:38,BTC/USD,38588.9,38590.43,38588.9,38590.43,2.01171,77632.75394
1612748220,02/09/2021 01:37,BTC/USD,38603.18,38634.71,38603.18,38614.81,0.07199047,2779.898321
1612748160,02/09/2021 01:36,BTC/USD,38602.23,38649.64,38602.23,38649.64,0.58695722,22685.68525
1612748100,02/09/2021 01:35,BTC/USD,38569.68,38609.3,38562.99,38602.23,0.54399248,20999.32283
1612748040,02/09/2021 01:34,BTC/USD,38530.84,38591.15,38530.84,38591.15,1.57214012,60670.69519
1612747980,02/09/2021 01:33,BTC/USD,38548.43,38548.43,38500,38528.32,14.00289976,539508.2029
1612747920,02/09/2021 01:32,BTC/USD,38611.14,38613.7,38521.69,38565.39,3.51858984,135695.7894
1612747860,02/09/2021 01:31,BTC/USD,38626.22,38642.97,38556.27,38596.86,15.08171637,582106.8953
1612747800,02/09/2021 01:30,BTC/USD,38673.69,38695.91,38609.54,38609.54,7.90823862,305333.4553
1612747740,02/09/2021 01:29,BTC/USD,38700.07,38700.07,38685.56,38685.56,0.52386351,20265.95325
1612747680,02/09/2021 01:28,BTC/USD,38669.03,38709.58,38669.03,38700.12,2.690353,104116.9839
1612747620,02/09/2021 01:27,BTC/USD,38726.67,38726.67,38669.7,38671.85,0.76764562,29686.27627
1612747560,02/09/2021 01:26,BTC/USD,38756.52,38771.31,38700,38700,0.62911811,24346.87086
1612747500,02/09/2021 01:25,BTC/USD,38752.34,38779.7,38748.84,38764.43,0.65907961,25548.84541
1612747440,02/09/2021 01:24,BTC/USD,38766.2,38766.2,38737.9,38737.9,0.39311117,15228.30119
1612747380,02/09/2021 01:23,BTC/USD,38787.71,38787.71,38722.39,38740.82,3.13159864,121320.6992
1612747320,02/09/2021 01:22,BTC/USD,38828.25,38861.93,38820.41,38824.76,3.60184084,139840.6062
1612747260,02/09/2021 01:21,BTC/USD,38827.03,38834.07,38803.93,38821.57,1.08660046,42183.53582
1612747200,02/09/2021 01:20,BTC/USD,38821.35,38841.25,38821.35,38824.4,2.73592498,106220.6458
1612747140,02/09/2021 01:19,BTC/USD,38791.46,38828.61,38787.43,38821.26,2.93930259,114107.4301
1612747080,02/09/2021 01:18,BTC/USD,38827.38,38844.61,38806.64,38810.85,2.93628699,113959.7939
1612747020,02/09/2021 01:17,BTC/USD,38815.32,38847.76,38815.32,38845.85,0.63798576,24783.09914
1612746960,02/09/2021 01:16,BTC/USD,38823.3,38839.15,38810.89,38839.15,3.09507844,120210.2158
1612746900,02/09/2021 01:15,BTC/USD,38922.74,38923.6,38827.77,38827.77,1.3114262,50919.75487
1612746840,02/09/2021 01:14,BTC/USD,38939.6,38962.22,38913.78,38925.8,0.23949488,9322.5298
1612746780,02/09/2021 01:13,BTC/USD,38865.84,38900,38865.84,38900,0.61002475,23729.96278
1612746720,02/09/2021 01:12,BTC/USD,38850,38877.94,38831.97,38858.82,4.45271277,173027.164
1612746660,02/09/2021 01:11,BTC/USD,38829.66,38850,38808.51,38850,3.01741098,117226.4166
1612746600,02/09/2021 01:10,BTC/USD,38798.79,38844.14,38798.79,38816.26,0.92982952,36092.5044
1612746540,02/09/2021 01:09,BTC/USD,38785.18,38795.82,38785.18,38795.82,1.566548,60775.51423
1612746480,02/09/2021 01:08,BTC/USD,38757.24,38770.05,38757.24,38766.67,1.46985623,56981.43142
1612746420,02/09/2021 01:07,BTC/USD,38840.07,38841.68,38806.05,38806.05,1.99723472,77504.79041
1612746360,02/09/2021 01:06,BTC/USD,38792.34,38856.68,38792.34,38832.54,1.81596514,70518.53894
1612746300,02/09/2021 01:05,BTC/USD,38734.25,38814.69,38734.25,38801.92,6.49734874,252109.606
1612746240,02/09/2021 01:04,BTC/USD,38680.85,38717.14,38669.58,38717.14,4.30307342,166602.696
1612746180,02/09/2021 01:03,BTC/USD,38733.61,38733.61,38651,38692.2,11.21143765,433795.1878
1612746120,02/09/2021 01:02,BTC/USD,38779.49,38779.49,38777.12,38777.12,0.508,19698.77696
1612746060,02/09/2021 01:01,BTC/USD,38832.75,38858.74,38822.84,38840.76,3.97953444,154568.1421
1612746000,02/09/2021 01:00,BTC/USD,38784.31,38813.83,38784.31,38801.22,2.33027022,90417.32747
1612745940,02/09/2021 00:59,BTC/USD,38750.15,38769.54,38741.73,38769.54,1.67263047,64847.11391
1612745880,02/09/2021 00:58,BTC/USD,38815.32,38824.91,38740.3,38740.45,4.06937999,157649.612
1612745820,02/09/2021 00:57,BTC/USD,38809.27,38809.35,38796.4,38805.09,4.0952487,158916.4944
1612745760,02/09/2021 00:56,BTC/USD,38780.59,38827.03,38741.95,38827.03,4.45172439,172847.2364
1612745700,02/09/2021 00:55,BTC/USD,38778.52,38787.53,38778.52,38787.53,1.83815439,71297.46855
1612745640,02/09/2021 00:54,BTC/USD,38754.42,38783.79,38754.42,38766.29,1.20370264,46663.08562
1612745580,02/09/2021 00:53,BTC/USD,38784.45,38794.55,38754.42,38754.42,1.62149719,62840.18313
1612745520,02/09/2021 00:52,BTC/USD,38755.5,38771.98,38731.25,38771.98,1.32572687,51401.05569
1612745460,02/09/2021 00:51,BTC/USD,38814.08,38819.88,38787.45,38791.86,1.40344067,54442.07399
1612745400,02/09/2021 00:50,BTC/USD,38766.88,38813.1,38766.88,38813.1,1.49591543,58061.11518
1612745340,02/09/2021 00:49,BTC/USD,38804.79,38804.79,38739.74,38739.86,2.41957221,93733.88868
1612745280,02/09/2021 00:48,BTC/USD,38779.57,38820.54,38779.57,38820.54,7.87337203,305648.5538
1612745220,02/09/2021 00:47,BTC/USD,38783.1,38813.16,38779.82,38779.82,1.47706932,57280.48236
1612745160,02/09/2021 00:46,BTC/USD,38835.98,38839.21,38790.68,38790.68,2.29478506,89016.27293
1612745100,02/09/2021 00:45,BTC/USD,38796.65,38827.31,38791.62,38827.31,0.10136665,3935.794343
1612745040,02/09/2021 00:44,BTC/USD,38807.73,38813.88,38753.27,38805.08,0.84703961,32869.43983
1612744980,02/09/2021 00:43,BTC/USD,38801.95,38831.05,38801.95,38805.51,0.8004,31059.9302
1612744920,02/09/2021 00:42,BTC/USD,38820.96,38824.61,38779.54,38794.39,1.66465081,64579.11274
1612744860,02/09/2021 00:41,BTC/USD,38824.04,38850.1,38815.03,38834.84,4.04455449,157069.6265
1612744800,02/09/2021 00:40,BTC/USD,38793.76,38816.61,38778.37,38816.61,1.31240324,50943.04473
1612744740,02/09/2021 00:39,BTC/USD,38747.92,38797.93,38747.92,38778.32,1.49506762,57976.21059
1612744680,02/09/2021 00:38,BTC/USD,38729.11,38757.45,38728.44,38728.44,1.7618191,68232.50531
1612744620,02/09/2021 00:37,BTC/USD,38760,38760,38724.69,38728.84,3.65790186,141666.2959
1612744560,02/09/2021 00:36,BTC/USD,38737.37,38775.87,38717.8,38760,5.58779921,216583.0974
1612744500,02/09/2021 00:35,BTC/USD,38797.09,38797.09,38723.25,38725.66,1.06730338,41332.02781
1612744440,02/09/2021 00:34,BTC/USD,38799.68,38824.71,38783.36,38814.31,1.85118097,71852.31204
1612744380,02/09/2021 00:33,BTC/USD,38813.46,38813.74,38795.5,38795.63,2.53021831,98161.41337
1612744320,02/09/2021 00:32,BTC/USD,38844.31,38853.03,38801.11,38801.11,1.58501539,61500.3565
1612744260,02/09/2021 00:31,BTC/USD,38809.88,38875.31,38806.22,38832.04,15.66935892,608473.1724
1612744200,02/09/2021 00:30,BTC/USD,38856.85,38869.96,38809.88,38809.88,3.53322797,137124.1535
1612744140,02/09/2021 00:29,BTC/USD,38869.28,38899.19,38869.28,38878.03,2.80964936,109233.6321
1612744080,02/09/2021 00:28,BTC/USD,38863.21,38877.47,38853.73,38853.73,3.29318716,127952.6048
1612744020,02/09/2021 00:27,BTC/USD,38829.71,38874.21,38829.71,38858.48,2.38665283,92741.70126
1612743960,02/09/2021 00:26,BTC/USD,38885.79,38886.85,38818.65,38818.65,3.70567456,143849.2838
1612743900,02/09/2021 00:25,BTC/USD,38915.62,38928,38900.13,38900.13,0.66853484,26006.09219
1612743840,02/09/2021 00:24,BTC/USD,38928.63,38948.99,38924.43,38928.72,1.46110371,56878.89722
1612743780,02/09/2021 00:23,BTC/USD,38876.78,38949.26,38876.78,38923.46,3.15737365,122895.907
1612743720,02/09/2021 00:22,BTC/USD,38953.13,38953.13,38883.11,38883.11,1.33836209,52039.68037
1612743660,02/09/2021 00:21,BTC/USD,39001.54,39020.51,38909.98,38909.98,2.36356399,91966.22758
1612743600,02/09/2021 00:20,BTC/USD,39036.52,39057.61,39000.06,39000.06,0.90673135,35362.57705
1612743540,02/09/2021 00:19,BTC/USD,39063.89,39063.89,39010.54,39025.46,1.4508149,56618.71885
1612743480,02/09/2021 00:18,BTC/USD,39088.2,39088.2,39043.92,39063.65,4.3479735,169847.715
1612743420,02/09/2021 00:17,BTC/USD,39080.06,39092.36,39080.06,39088.08,2.5066899,97981.69535
1612743360,02/09/2021 00:16,BTC/USD,39072.04,39114.2,39042.41,39095.27,2.57226321,100563.3247
1612743300,02/09/2021 00:15,BTC/USD,39123.72,39127.61,39074.4,39074.4,4.3324982,169289.7677
1612743240,02/09/2021 00:14,BTC/USD,39159.05,39159.05,39133.65,39133.65,1.01198673,39602.7345
1612743180,02/09/2021 00:13,BTC/USD,39159,39162.1,39143.56,39143.56,7.99214985,312841.1972
1612743120,02/09/2021 00:12,BTC/USD,39109.5,39159,39109.5,39112.61,1.69270236,66206.00725
1612743060,02/09/2021 00:11,BTC/USD,39093.13,39147.38,39093.13,39120.29,9.81135196,383822.934
1612743000,02/09/2021 00:10,BTC/USD,39026.97,39099,39026.97,39099,3.63011648,141933.9243
1612742940,02/09/2021 00:09,BTC/USD,39027.2,39042.3,39025.74,39025.74,0.1458027,5690.058261
1612742880,02/09/2021 00:08,BTC/USD,38998.99,39050,38998.99,39049.03,3.62036108,141371.5884
1612742820,02/09/2021 00:07,BTC/USD,38967.03,38999,38957.64,38999,1.44415848,56320.73656
1612742760,02/09/2021 00:06,BTC/USD,38935.55,38960.1,38923.5,38927.25,6.18610126,240807.9103
1612742700,02/09/2021 00:05,BTC/USD,38934.87,38939.19,38882.92,38919.57,1.29278948,50314.81066
1612742640,02/09/2021 00:04,BTC/USD,38895,38999,38895,38976.04,6.87639424,268014.617
1612742580,02/09/2021 00:03,BTC/USD,38808.99,38860.57,38808.99,38860.57,2.16886481,84283.32277
1612742520,02/09/2021 00:02,BTC/USD,38840,38840,38770.2,38794.15,2.43315547,94392.19828
1612742460,02/09/2021 00:01,BTC/USD,38867.74,38885.61,38853,38853,4.64299508,180394.2878
1612742400,02/09/2021 00:00,BTC/USD,38870.36,38907.81,38870.36,38884.63,1.90297415,73996.44572
